PoemName,PoemLine,MetaphorCount,MetaphoricTerm,MetaphorType,SourceDomain,TargetDomain,Interpretation,Poet,Year
දශක හතරකට පෙර සිටි පෙම්වතිය,දෑස් පතුලේ සිරවූ,0,,,,,,Somaratne Balasuriya,2010
දශක හතරකට පෙර සිටි පෙම්වතිය,පුංචි පළිඟු කැට දෙකක්,1,පුංචි පළිඟු කැට දෙකක්,Implied,පුංචි පළිඟු කැට දෙකක්,කඳුළු,දෑස් වල සැඟවුණු කඳුළු බිඳු දෙකක්,Somaratne Balasuriya,2010
දශක හතරකට පෙර සිටි පෙම්වතිය,එල්ල වී ඇත මා දෙස,0,,,,,,Somaratne Balasuriya,2010
මිතුරගේ වියපත් පියාගේ මරණය,මූලික කාරිය දැන් ඉවරයි,0,,,,,,Somaratne Balasuriya,2010
මිතුරගේ වියපත් පියාගේ මරණය,මේ ළඟ ඉන්නව මගේ මිතුරියක්,0,,,,,,Somaratne Balasuriya,2010
මිතුරගේ වියපත් පියාගේ මරණය,පෙර පවකට ඈ මැකී ගියත්,1,මැකී ගියත්,Implied,මැකී ගියත්,අතහැර දමා ගියත්,අතහැර දමා ගියත්,Somaratne Balasuriya,2010
මිතුරගේ වියපත් පියාගේ මරණය,විදුලි කොටයි සිත තුළ ඉඳහිට,1,විදුලි කොටයි,Implied,විදුලි කොටයි,මතක් වෙයි,හිත පාරවයි,Somaratne Balasuriya,2010
මිතුරගේ වියපත් පියාගේ මරණය,දහිරිය දෙයි ඔබ දෙන්නා,0,,,,,,Somaratne Balasuriya,2010
මිතුරගේ වියපත් පියාගේ මරණය,ඈ දැකුමට යාමට,0,,,,,,Somaratne Balasuriya,2010
අමතකය,සතුට සන්තුෂ්ටිය හිස් කබලකි,1,සතුට සන්තුෂ්ටිය හිස් කබලකි,Standard,හිස් කබල,සතුට සන්තුෂ්ටිය,සතුට හා සංතෘෂ්ටිය යනු හිස් වූ දෙයකි,Somaratne Balasuriya,2010
අමතකය,අඳ දැසකි සන්තුෂ්ටිය,1,අඳ දැසකි සන්තුෂ්ටිය,Standard,අඳ දැස,සන්තුෂ්ටිය,සතුට යනු අපව මුලා කරන දෘෂ්ටියකි,Somaratne Balasuriya,2010
අමතකය,දුක පරම ධනයකි,1,දුක පරම ධනයකි,Standard,පරම ධනය,දුක,දුක යනු උතුම්ම සම්පත්තියයි,Somaratne Balasuriya,2010
අමතකය,දුක දකී ලෝකය,0,,,,,,Somaratne Balasuriya,2010
මැකීයමට කාලයයි,රියදුරු පැමිණෙයි,0,,,,,,Somaratne Balasuriya,2010
මැකීයමට කාලයයි,ඔහු ඇදගෙන යාමට,0,,,,,,Somaratne Balasuriya,2010
මැකීයමට කාලයයි,සුක්කානම තෙවරක් පිරිමැද,0,,,,,,Somaratne Balasuriya,2010
මැකීයමට කාලයයි,දෑස් එකලස් කොට,0,,,,,,Somaratne Balasuriya,2010
මැකීයමට කාලයයි,සිරස නමා වැඳ ,0,,,,,,Somaratne Balasuriya,2010
මැකීයමට කාලයයි,යකඩ ගොඩ ගැනේ එළියට,1,යකඩ ගොඩ,Implied,යකඩ ගොඩ,බස් රථය,බස් රථය,Somaratne Balasuriya,2010
මැකීයමට කාලයයි,ජවබල ඇතද,0,,,,,,Somaratne Balasuriya,2010
මැකීයමට කාලයයි,ඇගට පතට නොදැනී පැදවේ වාහනය ,0,,,,,,Somaratne Balasuriya,2010
මැකීයමට කාලයයි,මහමඟ දුක දන්නෝ,0,,,,,,Somaratne Balasuriya,2010
මැකීයමට කාලයයි,බසය එනතුරු,0,,,,,,Somaratne Balasuriya,2010
මැකීයමට කාලයයි,බලා සිටිති දැවුණු මුහුණින්,1,දැවුණු මුහුණින්,Implied,දැවුණු මුහුණින්,විඩාපත් මුවින්,විඩාපත් මුවින්,Somaratne Balasuriya,2010
පියුන් මල්ලී ,අව්වට වැස්සට හසුවී,0,,,,,,Somaratne Balasuriya,2010
පියුන් මල්ලී ,බල්ලන් හඹා හපා කා,0,,,,,,Somaratne Balasuriya,2010
පියුන් මල්ලී ,අඬු බඩු කඩාගත්,0,,,,,,Somaratne Balasuriya,2010
පියුන් මල්ලී ,මග තොට ලියලු,0,,,,,,Somaratne Balasuriya,2010
පියුන් මල්ලී ,අනෙක ප්‍රේම පුෂ්ප,1,ප්‍රේම පුෂ්ප,Dead,ප්‍රේම පුෂ්ප,පෙම්වතියන්,පෙම්වතියන්,Somaratne Balasuriya,2010
පියුන් මල්ලී ,හිතෙන් උදුරා විසිකල,0,,,,,,Somaratne Balasuriya,2010
පියුන් මල්ලී ,නාඹර තරුණයා,0,,,,,,Somaratne Balasuriya,2010
නිදහසේ ගීතය,අහසේ පියාසලමින් බමන,0,,,,,,Somaratne Balasuriya,2010
නිදහසේ ගීතය,දෙපා තැබීමට තැනක් සොයන,0,,,,,,Somaratne Balasuriya,2010
නිදහසේ ගීතය,පරවියකුය මගේ ගීතය,1,පරවියකුය මගේ ගීතය,Standard,පරවියකුය,මගේ ගීතය,නිදහසේ සිටිමින් සුදුසු තැනක් සොයා යන කෙනෙකුගේ සොභාවයක් පෙනෙයි.,Somaratne Balasuriya,2010
නිදහසේ ගීතය,පිබිදී එන,0,,,,,,Somaratne Balasuriya,2010
නිදහසේ ගීතය,මල් පොහොට්ටුවකි,1,මල් පොහොට්ටුවකි,Standard,මල් පොහොට්ටුව,මගේ ගීතය,නිදහස විඳින්නට පටන් ගන්නා ජීවිත අත්දැකීමක් උකහා දක්වයි.,Somaratne Balasuriya,2010
නිදහසේ ගීතය,මගේ ගීතය දම්වැලක් වේ,1,මගේ ගීතය දම්වැලක් වේ,Standard,දම්වැලක්,මගේ ගීතය,එකිනෙකට එකක් යාවු සිද්ධීන් සමුදායක් පවතින ජීවිත අත්දැකීමක් පෙන්වයි,Somaratne Balasuriya,2010
නිදහසේ ගීතය,අගක් මුලක් නැති,0,,,,,,Somaratne Balasuriya,2010
නිදහසේ ගීතය,පුරුකකින් පුරුක එක්වුන,0,,,,,,Somaratne Balasuriya,2010
නිදහසේ ගීතය,ගීතයකින් ගීතයකට,0,,,,,,Somaratne Balasuriya,2010
නිදහසේ ගීතය,නොනවතා ගයමු,0,,,,,,Somaratne Balasuriya,2010
නිදහසේ ගීතය,එක්ව ගයමු,0,,,,,,Somaratne Balasuriya,2010
නිදහසේ ගීතය,මිනිස් සංහතිය වෙනුවෙන් ගයන,0,,,,,,Somaratne Balasuriya,2010
නිදහසේ ගීතය,ගීතය පරවියෙකි,1,ගීතය පරවියෙකි,Standard,පරවියෙකි,ගීතය,අන් අය වෙනුවෙන් පෙනී සිටින ජීවිත ආදර්ශයකි,Somaratne Balasuriya,2010
නිදහසේ ගීතය,අවසානයක් නැතිව පියාඹන,0,,,,,හවස් වීම,Somaratne Balasuriya,2010
නිදහසේ ගීතය,විවරවුන පියාපත්,0,,,,,,Somaratne Balasuriya,2010
නිදහසේ ගීතය,තැනක් සොයයි දෙපා තැබීමට,0,,,,,,Somaratne Balasuriya,2010
නිදහසේ ගීතය,නැවත නැවතත් පියාඹීමට,0,,,,,,Somaratne Balasuriya,2010
හිරු වැලපෙයි,ආලෝකය අකලට මිය යයි,1,ආලෝකය අකලට මිය යයි,Implied,ආලෝකය අකලට මිය යයි,හවස් වීම,හවස් වීම,Somaratne Balasuriya,2010
හිරු වැලපෙයි,හිරු මුදුන් වී,0,,,,,,Somaratne Balasuriya,2010
හිරු වැලපෙයි,සිනා සිසී බලා සිටී ,1,සිනා සිසී බලා සිටී ,Implied,සිනා සිසී බලා සිටී ,හිරු රශ්මිය විහිදුවමින් බැබලයි,හිරු රශ්මිය විහිදුවමින් බැබලයි,Somaratne Balasuriya,2010
හිරු වැලපෙයි,බැස යන්නෙම්ද,0,,,,,,Somaratne Balasuriya,2010
හිරු වැලපෙයි,බටහිරින්,0,,,,,,Somaratne Balasuriya,2010
හිරු වැලපෙයි,සුපුරුදු ලෙසින්,0,,,,,,Somaratne Balasuriya,2010
හිරු වැලපෙයි,යන්නෙම්ද ආපසු නැගෙනහිරට,0,,,,,,Somaratne Balasuriya,2010
හිරු වැලපෙයි,එන්නෙම්ද හෙට යළි,0,,,,,,Somaratne Balasuriya,2010
සොඳුරිය,අඳුරු ලොවේ කෙඳුරුම්,0,,,,,,Somaratne Balasuriya,2010
සොඳුරිය,ඇලී තිබේ දෙසවන් තුළ,0,,,,,,Somaratne Balasuriya,2010
සොඳුරිය,ඔබ හැම ඉකිබිඳුමක්,0,,,,,,Somaratne Balasuriya,2010
සොඳුරිය,හෙළු කඳුලක්,0,,,,,,Somaratne Balasuriya,2010
සොඳුරිය,විදුලි කොටයි ම හදතුල ,1,විදුලි කොටයි ම හදතුල ,Implied,විදුලි කොටයි ම හදතුල ,හද පාරවයී ,හද පාරවයී ,Somaratne Balasuriya,2010
කියවනවිට ලියූ යුවතිය,මුවගින් දෑසින් ගලා හැලෙන කවි,1,මුවගින් දෑසින් ගලා හැලෙන කවි,Implied,මුවගින් දෑසින් ගලා හැලෙන කවි,මුහුණු ඉරියව් තුළින් ප්‍රකාශිත වන ප්‍රකාශන,,Somaratne Balasuriya,2010
කියවනවිට ලියූ යුවතිය,මුතු අකුරින් මම අමුණමි ,1,මුතු අකුරින්,Standard,මුතු,අකුරු,ලස්සන අකුරින්,Somaratne Balasuriya,2010
කියවනවිට ලියූ යුවතිය,අතරින් පතරට වදනක්,0,,,,,,Somaratne Balasuriya,2010
කියවනවිට ලියූ යුවතිය,අකුරක් දෙකක්,0,,,,,,Somaratne Balasuriya,2010
කියවනවිට ලියූ යුවතිය,ඔබට හොරා අලුතෙන් එක්කොට,0,,,,,,Somaratne Balasuriya,2010
ජීවිතය,ඇත්තෙන් ඇත්තට පනිනා,0,,,,,,Somaratne Balasuriya,2010
ජීවිතය,තෙමුන කුරුල්ලෙකි ජීවිතය,1,ඇත්තෙන් ඇත්තට පනිනා තෙමුන කුරුල්ලෙකි ජීවිතය,Extended,තෙමුන කුරුල්ලෙකි,ජීවිතය,දැක්මක් නොමැති ජීවිතයකි,Somaratne Balasuriya,2010
ජීවිතය,දිනකින් දිනකට,0,,,,,,Somaratne Balasuriya,2010
ජීවිතය,ප්‍රශ්නයකින් ප්‍රශ්නයකට පැනයන,0,,,,,,Somaratne Balasuriya,2010
හමුවීම,ගණන් පොත් පිටුව පුරා හරි ගත්ත,0,,,,,,Somaratne Balasuriya,2010
හමුවීම,කාලිදාසටත් ඉහළින් කවි ලියුව,0,,,,,,Somaratne Balasuriya,2010
හමුවීම,ගමේ පාසලේ මිනී පහනව උන්න,1,මිනී පහනව උන්න,Dead,මිනී පහනව,"ඉතා දක්ෂ, කැපී පෙනෙන ලෙස සිටි ","ඉතා දක්ෂ, කැපී පෙනෙන ලෙස සිටි ",Somaratne Balasuriya,2010
හමුවීම,අනේ සුමිතුරේ නුඹ හට උනේ කිම,0,,,,,,Somaratne Balasuriya,2010
පතිනියකගේ කඳුළු,සසර පැතුමක් අරන් පැමිණියත් සිත් ගෙයට,0,,,,,,Somaratne Balasuriya,2010
පතිනියකගේ කඳුළු,හබල නැති පරුවකි නුඹ මගේ කුලගෙයට,1,හබල නැති පරුවකි නුඹ,Standard,හබල නැති පරුවකි,නුඹ,අසම්පූර්ණ ජීවිත සම්බන්දතාවයක්,Somaratne Balasuriya,2010
පතිනියකගේ කඳුළු,එක සිතක නොනැවතී ඉන්න හැකි නම් නුඹට,0,,,,,,Somaratne Balasuriya,2010
පතිනියකගේ කඳුළු,යන්න වෙන්වෙලා නුඹ සුවඳ පමණකි මෙමට,0,,,,,,Somaratne Balasuriya,2010
පතිනියකගේ කඳුළු,පැහැදිලි ගං දියේ ගැඹුරු තැන,0,,,,,,Somaratne Balasuriya,2010
පතිනියකගේ කඳුළු,කළල් දිය යට වී,0,,,,,,Somaratne Balasuriya,2010
පතිනියකගේ කඳුළු,හොර හොරෙන් සැඟව සිටි,0,,,,,,Somaratne Balasuriya,2010
පතිනියකගේ කඳුළු,හිත් නටුව මම,1,හිත් නටුව මම,Standard,හිත් නටුව,මම,සැඟව සිටින ජීවිතයක්,Somaratne Balasuriya,2010
පතිනියකගේ කඳුළු,පවන සේ නුඹ පැමිණ,0,,,,,,Somaratne Balasuriya,2010
පතිනියකගේ කඳුළු,හෙමි හෙමින් නැවති සඳ,0,,,,,,Somaratne Balasuriya,2010
පතිනියකගේ කඳුළු,ඊය සේ පැන ඇවිත්,0,,,,,,Somaratne Balasuriya,2010
පතිනියකගේ කඳුළු,හිනැහි හිනැහි පිබිදුන,0,,,,,,Somaratne Balasuriya,2010
පතිනියකගේ කඳුළු,පෙම් නෙළුම මම,1,පෙම් නෙළුම මම,Standard,පෙම් නෙළුම,මම,පෙමින් යුතු ජීවිත අත්දැකීමක්,Somaratne Balasuriya,2010
පතිනියකගේ කඳුළු,දඟර කර දඟර කර කියාදුන්,0,,,,,,Somaratne Balasuriya,2010
පතිනියකගේ කඳුළු,සොදුරු පෙම් කවිය ළග,0,,,,,,Somaratne Balasuriya,2010
පතිනියකගේ කඳුළු,කිති කැවී කිති කැවී ගිය,0,,,,,,Somaratne Balasuriya,2010
පතිනියකගේ කඳුළු,මනරම් සියපතකි මම ,1,මනරම් සියපතකි මම ,Standard,මනරම් සියපත,මම ,පෙමින් යුතු ජීවිත අත්දැකීමක්,Somaratne Balasuriya,2010
විප්ලවවාදියකු වෙත,නෙතු දහසකට ඉඟිකොට,0,,,,,,Somaratne Balasuriya,2010
විප්ලවවාදියකු වෙත,කියා නොකියා වසඟ කොට,0,,,,,,Somaratne Balasuriya,2010
විප්ලවවාදියකු වෙත,දිනුම් කණුවට යනෙන,0,,,,,,Somaratne Balasuriya,2010
විප්ලවවාදියකු වෙත,මාවත හෙළි පෙහෙළි කළ,0,,,,,,Somaratne Balasuriya,2010
විප්ලවවාදියකු වෙත,යුගයේ චන්ද්‍රවංකය නුඹ,1,යුගයේ චන්ද්‍රවංකය නුඹ,Standard,යුගයේ චන්ද්‍රවංකය,නුඹ,දියුණුව කරා ගෙන ගිය ,Somaratne Balasuriya,2010
මුහුද,දිය රැළිය තෙරපවන,0,,,,,,Narmada Tharangi Matharage,2007
මුහුද,දිය සුළිය කරකවන,0,,,,,,Narmada Tharangi Matharage,2007
මුහුද,වෙරළක්ය මා නුඹට,1,දිය රැළිය තෙරපවන දිය සුළිය කරකවන වෙරළක්ය මා,Standard,දිය රැළිය තෙරපවන දිය සුළිය කරකවන වෙරළක්,මා,විවිධ ජීවිත අත්දැකීම් ඇති කරවන,Narmada Tharangi Matharage,2007
මුහුද,විටින් විට ඇවිත් යන,0,,,,,,Narmada Tharangi Matharage,2007
මුහුද,සයුරක්ය නුඹ මෙමට ,1,විටින් විට ඇවිත් යන සයුරක්ය නුඹ,Standard,විටින් විට ඇවිත් යන සයුරක්,නුඹ,ජීවිතේ ඇතැම් අවස්ථා වලදී යන එන,Narmada Tharangi Matharage,2007
දෙවැනි විවාහය,නිල් දිය මතින් රුවට රුව හිනැහී,0,,,,,,Narmada Tharangi Matharage,2007
දෙවැනි විවාහය,හිරුට දෝතම පුද පුදා දී,0,,,,,,Narmada Tharangi Matharage,2007
දෙවැනි විවාහය,දෙවැනිවර විවාපත් මල මමයි,1,දෙවැනිවර විවාපත් මල මමයි,Standard,දෙවැනිවර විවාපත් මල,මම,නැවත විවාහයට පාතැබූ මම,Narmada Tharangi Matharage,2007
පොඩි හාමුදුරුවන්ගෙන් මෑණියන්ට,නුඹේ පොඩිපුතු අම්මෙ පිං බිමේ තනිවෙලා,0,,,,,,Narmada Tharangi Matharage,2007
පොඩි හාමුදුරුවන්ගෙන් මෑණියන්ට,වැල් එළියෙ දුව පැන්න දෙපා අද මුදු වෙලා,0,,,,,,Narmada Tharangi Matharage,2007
පොඩි හාමුදුරුවන්ගෙන් මෑණියන්ට,වැලි පොළොවෙ පිංසාර ජීවිතය සිරවෙලා,0,,,,,,Narmada Tharangi Matharage,2007
පොඩි හාමුදුරුවන්ගෙන් මෑණියන්ට,කෙලිකවට පුංචි හිත මල් අසුනෙ පරවෙලා,1,මල් අසුනෙ පරවෙලා,Implied,මල් අසුනෙ පරවෙලා,කලකිරීම,කලකිරීම,Narmada Tharangi Matharage,2007
"රාත්‍රිය, නුඹ සහ මම",ඔයා සිනා වැදී සිත උමතු කරයි,0,,,,,,Narmada Tharangi Matharage,2007
"රාත්‍රිය, නුඹ සහ මම",මල් ඔකද වෙලා සුදු සිනා සලයි,0,,,,,,Narmada Tharangi Matharage,2007
"රාත්‍රිය, නුඹ සහ මම",ගහ වැලේ එතී සඳ කතා කරයි,0,,,,,,Narmada Tharangi Matharage,2007
"රාත්‍රිය, නුඹ සහ මම",නුඹ සඳක් වෙලා රැය මටම ගෙනෙයි,1,නුඹ සඳක් වෙලා,Standard,සඳ,නුඹ,නුඹ මා සදහාම සිටී,Narmada Tharangi Matharage,2007
සොල්දාදුවෙකුගේ සොහොන් කොත අබියසදී,ලියා අහවර කවියක,0,,,,,,Narmada Tharangi Matharage,2007
සොල්දාදුවෙකුගේ සොහොන් කොත අබියසදී,පදවැලක් නුඹ,1,පදවැලක් නුඹ,Standard,පදවැලක්,නුඹ,කෙනෙකු පිළිබඳව දක්වන අදහස් පෙළක්,Narmada Tharangi Matharage,2007
සොල්දාදුවෙකුගේ සොහොන් කොත අබියසදී,අර්ථය නොවිමසා බැලූ,0,,,,,,Narmada Tharangi Matharage,2007
සොල්දාදුවෙකුගේ සොහොන් කොත අබියසදී,පාඨකයෙක් මම,0,,,,,,Narmada Tharangi Matharage,2007
නුඹ නොදන්නවාට,නුඹ නොදන්නවා උනාට,0,,,,,,Narmada Tharangi Matharage,2007
නුඹ නොදන්නවාට,ඒ දුක බර වැඩියි මසිතට,0,,,,,,Narmada Tharangi Matharage,2007
නුඹ නොදන්නවාට,පුදසුනක් වුනේ මගෙ හදවත,1,පුදසුනක් වුනේ මගෙ හදවත,Standard,පුදසුනක්,මගෙ හදවත,ශුද්ධවූ ස්ථානයක්,Narmada Tharangi Matharage,2007
නුඹ නොදන්නවාට,හදවතක් නැති ගල් පිළිමෙකට ,0,,,,,,Narmada Tharangi Matharage,2007
සිනා තොටුපොළ,නුඹේ සිනා වත,0,,,,,,Narmada Tharangi Matharage,2007
සිනා තොටුපොළ,මැවුනාම හදිසියේ සිත තුළ,0,,,,,,Narmada Tharangi Matharage,2007
සිනා තොටුපොළ,සිහිවුනා මට,0,,,,,,Narmada Tharangi Matharage,2007
සිනා තොටුපොළ,කාටවත්ම සමනොවෙන වග නුඹ,0,,,,,,Narmada Tharangi Matharage,2007
සිනා තොටුපොළ,තියාගත්තා මම,0,,,,,,Narmada Tharangi Matharage,2007
සිනා තොටුපොළ,හැමදාටම,0,,,,,,Narmada Tharangi Matharage,2007
සිනා තොටුපොළ,ඔය සිනා තොටුපොළ,0,,,,,,Narmada Tharangi Matharage,2007
සිනා තොටුපොළ,මගේ සෙනේ ගඟ අසබඩ,1,ඔය සිනා තොටුපොළ මගේ සෙනේ ගඟ අසබඩ,Mixed,ඔය සිනා තොටුපොළ මගේ සෙනේ ගඟ අසබඩ,ලෙන්ගතුම ස්ථානයක පිහිටුවීම,ලෙන්ගතුම ස්ථානයක පිහිටුවීම,Narmada Tharangi Matharage,2007
සඳගිර පාමුල,කොකනද වෙණ නුදුල කටහඬ වෙණ නුදුල,0,,,,,,Ratna Sri Wijesinghe,2015
සඳගිර පාමුල,අඩසඳ පතු නළල ලප නැති පතු නළල,0,,,,,,Ratna Sri Wijesinghe,2015
සඳගිර පාමුල,රැක ඉඳ නළල පායන දේදුනු සඟල,1,නළල පායන දේදුනු සඟල,Standard,දේදුනු සඟල,නළල,දීපතිමත් ලස්සන නළල් ප්‍රදේශය,Ratna Sri Wijesinghe,2015
සඳගිර පාමුල,පිය සඳ නුඹෙ ළමැද රත්තරනෙන් බුබුල,0,,,,,,Ratna Sri Wijesinghe,2015
සඳගිර පාමුල,හීන් බඳට බැන්දම රැළි පටිය වට,0,,,,,,Ratna Sri Wijesinghe,2015
සඳගිර පාමුල,හීන් කැකුළු තන පෙනුනා යාන්තමට,0,,,,,,Ratna Sri Wijesinghe,2015
සඳගිර පාමුල,දවුල් කරයෙනි නුඹලා එපිට සිට,0,,,,,,Ratna Sri Wijesinghe,2015
සඳගිර පාමුල,දවුල් ගසව් නටන්නට මයෙ රන්කඳට ,1,මයෙ රන්කඳට ,Dead,මයෙ රන්කඳට ,ස්ත්‍රියට,ස්ත්‍රිය ඉතා වටිනා පුද්ගලයෙක් බව,Ratna Sri Wijesinghe,2015
සඳගිර පාමුල,යකඩ වුව මෙලෙක් වී තිබුණේය,1,යකඩ වුව මෙලෙක් වී,Implied,යකඩ වුව මෙලෙක් වී,දෘඪ දේ වුවද සියුමැලි බව,දෘඪ දේ වුවද සියුමැලි බව,Ratna Sri Wijesinghe,2015
සඳගිර පාමුල,ගින්දරද හිම කිරම තැනුවේය,1,ගින්දරද හිම කිරම තැනුවේය,Implied,ගින්දරද හිම කිරම තැනුවේය,දෘඪ දෙයින්ද සියුමැලි දෙයක් නිර්මාණය වූ බව,දෘඪ දෙයින්ද සියුමැලි දෙයක් නිර්මාණය වූ බව,Ratna Sri Wijesinghe,2015
සඳගිර පාමුල,සකල වටපිටාවම,0,,,,,,Ratna Sri Wijesinghe,2015
සඳගිර පාමුල,පාරාන්ධව ඇත,0,,,,,,Ratna Sri Wijesinghe,2015
සඳගිර පාමුල,ලමලන්තයකි මෙය,1,ලමලන්තයකි මෙය,Standard,ලමලන්තයකි,වටපිටාව,සතුට උපද්දවන ස්ථානයකි,Ratna Sri Wijesinghe,2015
සඳගිර පාමුල,හිනා දිය කොට පොවන,0,,,,,,Ratna Sri Wijesinghe,2015
සඳගිර පාමුල,මහා ගන වන හිස,0,,,,,,Ratna Sri Wijesinghe,2015
සඳගිර පාමුල,චෞ තාලයෙන් වයෙන,0,,,,,,Ratna Sri Wijesinghe,2015
සඳගිර පාමුල,මාල් කෞන්ස් රාගයේ,0,,,,,,Ratna Sri Wijesinghe,2015
සඳගිර පාමුල,ධ්‍රුපද් ගීයක්මය,1,මහා ගන වන හිස චෞ තාලයෙන් වයෙන මාල් කෞන්ස් රාගයේ ධ්‍රුපද් ගීයක්මය,Extended,චෞ තාලයෙන් වයෙන මාල් කෞන්ස් රාගයේ ධ්‍රුපද් ගීයක්මය,මහා ගන වන හිස,පරිසරයේ තිබෙන චංචල භාවය ,Ratna Sri Wijesinghe,2015
සඳගිර පාමුල,කිරි පොවා ගනු බැරි දුකින,0,,,,,,Ratna Sri Wijesinghe,2015
සඳගිර පාමුල,කඩමාළු හැඳි රබර් යායම,1,කඩමාළු හැඳි රබර් යායම,Implied,කඩමාළු හැඳි රබර් යායම,සරුසාර නොවූ බවක් පෙන්වයි,සරුසාර නොවූ බවක් පෙන්වයි,Ratna Sri Wijesinghe,2015
සඳගිර පාමුල,හිඟන්නන් වී ඇත,0,,,,,,Ratna Sri Wijesinghe,2015
සඳගිර පාමුල,නවම් මස දොරකඩ,0,,,,,,Ratna Sri Wijesinghe,2015
සඳගිර පාමුල,භාවතු සබ්බ මංගලම් යයි කියා,0,,,,,,Ratna Sri Wijesinghe,2015
සඳගිර පාමුල,දුවේ නුඹ නරියකුට දෙන දා,0,,,,,,Ratna Sri Wijesinghe,2015
සඳගිර පාමුල,පෝරු මස්ථකයෙදි ම දැනුණා,0,,,,,,Ratna Sri Wijesinghe,2015
සඳගිර පාමුල,පැන් කෙණ්ඩියේ වතුර වල ,0,,,,,,Ratna Sri Wijesinghe,2015
සඳගිර පාමුල,ආසනික් ගඳ තියෙනවා,1,පැන් කෙණ්ඩියේ වතුර වල  ආසනික් ගඳ,Implied,ආසනික් ගඳ,පැන් කෙණ්ඩියේ වතුර,අයහපතක් හෝ අශුභ නිමිත්තක් පෙන්නුම් කරයි,Ratna Sri Wijesinghe,2015
රූපවාහිනියේ දකින වියතෙකුට,අත ගෑ අදුරෙහි,0,,,,,,Eric Ilayapaarachchi,2011
රූපවාහිනියේ දකින වියතෙකුට,රුව ගුණ තෙපලන,0,,,,,,Eric Ilayapaarachchi,2011
රූපවාහිනියේ දකින වියතෙකුට,අඳබල රටකට,0,,,,,,Eric Ilayapaarachchi,2011
රූපවාහිනියේ දකින වියතෙකුට,ඔබ පහනක් විය,1,ඔබ පහනක් විය,Standard,පහනක්,ඔබ,වටිනා එළියක් වූ බව,Eric Ilayapaarachchi,2011
රූපවාහිනියේ දකින වියතෙකුට,අඳුරට දිගු කළ ,0,,,,,,Eric Ilayapaarachchi,2011
රූපවාහිනියේ දකින වියතෙකුට,බලු මුව බුරලන,0,,,,,,Eric Ilayapaarachchi,2011
රූපවාහිනියේ දකින වියතෙකුට,හඬ පිරි රැයකට,0,,,,,,Eric Ilayapaarachchi,2011
රූපවාහිනියේ දකින වියතෙකුට,ඔබ කෙසරක් විය,1,ඔබ කෙසරක් විය,Standard,කෙසරක්,ඔබ,වටිනා ශබ්දයක් වූ බව,Eric Ilayapaarachchi,2011
තවත් රැජිනක් ,ඇය නැකත් තරු වැලකි,1,ඇය නැකත් තරු වැලකි,Standard,නැකත් තරු වැල,ඇය,සුදුසු වෙලාවට පැමිණි අස්වසිල්ලක් හෝ වටිනා කෙනෙක්,Eric Ilayapaarachchi,2011
තවත් රැජිනක් ,වැලි කතර අතරමඟ,0,,,,,,Eric Ilayapaarachchi,2011
තවත් රැජිනක් ,රිදී පහනක් සොයන,0,,,,,,Eric Ilayapaarachchi,2011
තවත් රැජිනක් ,මගේ දිවි තවලමට,0,,,,,,Eric Ilayapaarachchi,2011
අලුත් තේරි ගීයක්,උගුර කට දැවී යයි ක්ලාන්තව ඇස් වැසෙයි,1,උගුර කට දැවී යයි ,Implied,උගුර කට දැවී යයි ,පිපාස වීම,පිපාස වීම,Eric Ilayapaarachchi,2011
අලුත් තේරි ගීයක්,වෙල මැදම දිගා වී කෙකණියෝ පණ අදිත් ,0,,,,,,Eric Ilayapaarachchi,2011
යෙහෙළියන් දෙදෙනා,නැතත් තහනම් පෙමක් ලියලන,0,,,,,,Eric Ilayapaarachchi,2011
යෙහෙළියන් දෙදෙනා,තඹර පොකුරකි ඔවුන් ගත සිත,1,තඹර පොකුරකි ඔවුන් ගත සිත,Standard,තඹර පොකුර,ඔවුන් ගත සිත,පිරිසිදු මිතුරුදමක් පෙන්වයි,Eric Ilayapaarachchi,2011
දෙහිවල සත්වෝද්‍යානයේ දී ,පිල්බර මොනරෙකි නැටුමට සැරසෙන,0,,,,,,Eric Ilayapaarachchi,2011
දෙහිවල සත්වෝද්‍යානයේ දී ,රන්මසු උයනකි හසඟන හැසිරෙන,0,,,,,,Eric Ilayapaarachchi,2011
දෙහිවල සත්වෝද්‍යානයේ දී ,ඇතොවුර ඇතිනිය බඩදරු අම්මෙකි,1,ඇතොවුර ඇතිනිය බඩදරු අම්මෙකි,Standard,බඩදරු අම්මෙකි,ඇතොවුර ඇතිනිය,මාතෘත්වය ඉස්මතු කරයි,Eric Ilayapaarachchi,2011
දෙහිවල සත්වෝද්‍යානයේ දී ,තොල් රතු වැඳිරිය පැද්දෙන අඟනකි,1,තොල් රතු වැඳිරිය පැද්දෙන අඟනකි,Standard,පැද්දෙන අඟනකි,තොල් රතු වැඳිරිය,රාගය පිළිබිඹු කරයි,Eric Ilayapaarachchi,2011
දෙහිවල සත්වෝද්‍යානයේ දී ,ගඟින් එතෙර වෙයි පිහිනා කිඹුලිය,0,,,,,,Eric Ilayapaarachchi,2011
දෙහිවල සත්වෝද්‍යානයේ දී ,සැතපෙයි වැලි පිට කිඹුලා නිදිබර,0,,,,,,Eric Ilayapaarachchi,2011
දෙහිවල සත්වෝද්‍යානයේ දී ,යට සළුවට අප දිගැසිය පළඳින,0,,,,,,Eric Ilayapaarachchi,2011
දෙහිවල සත්වෝද්‍යානයේ දී ,මිණි මෙවුලකි තුනු සැළලිහිණිය හිස,1,මිණි මෙවුලකි තුනු සැළලිහිණිය හිස,Standard,මිණි මෙවුල,සැළලිහිණිය හිස,වටිනා හිස් ආභරණය,Eric Ilayapaarachchi,2011
දෙහිවල සත්වෝද්‍යානයේ දී ,තැන තැන වන විල් ගෝනුන් දිය බොන,0,,,,,,Eric Ilayapaarachchi,2011
දෙහිවල සත්වෝද්‍යානයේ දී ,අංගම් පොරයකි වන රුප්පවක,1,,,,,,Eric Ilayapaarachchi,2011
දෙහිවල සත්වෝද්‍යානයේ දී ,නොසරුප් වදනකි කළු දිවි ගැටුමක,1,,,,,,Eric Ilayapaarachchi,2011
දෙහිවල සත්වෝද්‍යානයේ දී ,උල් නිය විහිදෙයි රුදු පා යුවලක,0,,,,,,Eric Ilayapaarachchi,2011
උල්කාපාත,මගෙ දැවෙන කැවී ඇසට,0,,,,,,Eric Ilayapaarachchi,2011
උල්කාපාත,හායනය වී ගලන,0,,,,,,Eric Ilayapaarachchi,2011
උල්කාපාත,කැලණි ගඟ සොකරියකි,1,කැලණි ගඟ සොකරියකි,Standard,සොකරිය,කැලණි ගඟ,නොසන්සුන් සොබවයක් පෙන්නුම් කරයි,Eric Ilayapaarachchi,2011
උල්කාපාත,වාරු නැති මැහැලියකි,1,වාරු නැති මැහැලියකි,Standard,වාරු නැති මැහැලියකි,කැලණි ගඟ,ආධාරයක් පතන ස්වභාවයක් පෙන්වයි,Eric Ilayapaarachchi,2011
විකල්ප රාජ්‍ය ,කාන්තා සිරගෙදර රතු සෙබළ බලකාය,0,,,,,,Eric Ilayapaarachchi,2011
විකල්ප රාජ්‍ය ,කැමති නම් කමක් නෑ මට තාම හිනව් නෑ ,0,,,,,,Eric Ilayapaarachchi,2011
විකල්ප රාජ්‍ය ,අරගලේ සේදිලා ගියෝතින් විවාහෙන්,1,අරගලේ සේදිලා ගියෝතින් විවාහෙන්,Implied,අරගලේ සේදිලා ගියෝතින් විවාහෙන්,විවාහ ජීවිත අරගලය පෙන්වයි,විවාහ ජීවිත අරගලය පෙන්වයි,Eric Ilayapaarachchi,2011
විකල්ප රාජ්‍ය ,දරුවන්ට හෙට දවස පයන්න ඉරක් නෑ,1,හෙට දවස පයන්න ඉරක් නෑ,Dead,හෙට දවස පයන්න ඉරක් නෑ,අනාගතයක් නොමැති බව,අනාගතයක් නොමැති බව,Eric Ilayapaarachchi,2011
උස් තුරු,උස් තුරු පෙළකි,0,,,,,,Pradeep Saranga Kumara,2005
උස් තුරු,අහස වෙත නැගුණා වූ,0,,,,,,Pradeep Saranga Kumara,2005
උස් තුරු,මා සමග තව බොහෝ අය යනෙන ,0,,,,,,Pradeep Saranga Kumara,2005
උස් තුරු,පටු මගෙහි දෙපසෙහි,0,,,,,,Pradeep Saranga Kumara,2005
උස් තුරු,අප තවත් අඟුටුමිට්ටන් කර,1,අඟුටුමිට්ටන් කර,Implied,අඟුටුමිට්ටන් කර,වෙනත් අය තමන් පරයා ගමන් කරන බව,වෙනත් අය තමන් පරයා ගමන් කරන බව,Pradeep Saranga Kumara,2005
තාම හිත කැමති ඒ පොඩි ගෑනු ළමයට,"කඩු, කිනිසි ගබඩාවම",0,,,,,,Anuradha Nilmini,2019
තාම හිත කැමති ඒ පොඩි ගෑනු ළමයට,එක කූරටිය ගාලකි ,1,"කඩු, කිනිසි ගබඩාවම කූරටිය ගාලකි",Standard,කූරටිය ගාල,"කඩු, කිනිසි ගබඩාවම",අවුල් සහගත්වු ස්ථානයක්,Anuradha Nilmini,2019
තාම හිත කැමති ඒ පොඩි ගෑනු ළමයට,බෝනික්කෝ වෙනුවට ඇය,0,,,,,,Anuradha Nilmini,2019
තාම හිත කැමති ඒ පොඩි ගෑනු ළමයට,නැලෙව්වේ පොල්පිති වස්සෙකි,0,,,,,,Anuradha Nilmini,2019
ඉවර නැති ඉරිදාව ,අණක් පිට වුණේ හඳුනන රටකින්ද,0,,,,,,Anuradha Nilmini,2019
ඉවර නැති ඉරිදාව ,බණක් හදවතේ වෙන තිබුණෙම නැද්ද,0,,,,,,Anuradha Nilmini,2019
ඉවර නැති ඉරිදාව ,"දණක් බරට, පටවා කුදු පිටකොන්ද",0,,,,,,Anuradha Nilmini,2019
ඉවර නැති ඉරිදාව ,"රටක් ඇවිළුවේ, නුඹ මොන හිතකින්ද",1,රටක් ඇවිළුවේ,Implied,රටක් ඇවිළුවේ,විනාශයක් සිදු කිරීම,විනාශයක් සිදු කිරීම,Anuradha Nilmini,2019
ඉවර නැති ඉරිදාව ,"මල් පොකුරු, පිපුණු වනපෙත් කළු දුමකි",1,"මල් පොකුරු, පිපුණු වනපෙත් කළු දුමකි",Standard,කළු දුම,"මල් පොකුරු, පිපුණු වනපෙත්",සුන්දරත්වය හා අසුන්දරත්වය එකම මොහොතකදී අත්දැකිය හැකි බව,Anuradha Nilmini,2019
ඉවර නැති ඉරිදාව ,හාල් අකුරු මැකෙන ගමනක ඇරඹුමකි,0,,,,,,Anuradha Nilmini,2019
ඉවර නැති ඉරිදාව ,"ගල් පතුරු නොවේ, ඉසියුම් විස දළකි",0,,,,,,Anuradha Nilmini,2019
ඉවර නැති ඉරිදාව ,"දල්වලා ගියේ, නොනිවෙන ගිනිහුළකි ",0,,,,,,Anuradha Nilmini,2019
ඔක්සිජන් නැති මේ බිම,කෆිරෙන් වැටෙන,0,,,,,,Anuradha Nilmini,2019
ඔක්සිජන් නැති මේ බිම,ගිනි මුරුගසන් වරුසාවේ,1,ගිනි මුරුගසන් වරුසාවේ,Implied,ගිනි මුරුගසන් වරුසාවේ,තදබල විපතක්,තදබල විපතක්,Anuradha Nilmini,2019
ඔක්සිජන් නැති මේ බිම,තෙමි තෙමී,0,,,,,,Anuradha Nilmini,2019
මහා පුදුමෙකි - මලක මලෙකි,නැණ ගුණ දම්,0,,,,,,Kumaratunge Munidasa,1933
මහා පුදුමෙකි - මලක මලෙකි,රුව පැහැ තුම්,0,,,,,,Kumaratunge Munidasa,1933
මහා පුදුමෙකි - මලක මලෙකි,ඇති අය නම්,0,,,,,,Kumaratunge Munidasa,1933
මහා පුදුමෙකි - මලක මලෙකි,රෝස කුසුම්,1,නැණ ගුණ දම් රුව පැහැ තුම් ඇති අය නම් රෝස කුසුම්,Standard,රෝස කුසුම්,නැණ ගුණ දම් රුව පැහැ තුම් ඇති අය,සියල්ලෙන් පරිපූර්ණ වූ,Kumaratunge Munidasa,1933
නැළවිල්ල,සුර බිලිදෝ සඳ කැලුම් ,0,,,,,,Kumaratunge Munidasa,1926
නැළවිල්ල,තළත සමන් මල් නොහිම්,0,,,,,,Kumaratunge Munidasa,1926
නැළවිල්ල,බිහිරි වෙති යි කන සියුම්,0,,,,,,Kumaratunge Munidasa,1926
නැළවිල්ල,නවතති දී අත් කුසුම්,1,අත් කුසුම්,Standard,කුසුම්,අත්,සියුමැලි දරුවා නළවන ආකාරය පෙන්වයි,Kumaratunge Munidasa,1926
අකීකරු පුත්‍රයකුගේ ලෝකය,මතු දවසේ,0,,,,,,Parakrama Kodithuwakku,1992
අකීකරු පුත්‍රයකුගේ ලෝකය,ඒ පොළොවේ සූරිය මල,1,පොළොවේ සූරිය මල,Standard,පොළොවේ සූරිය මල,නුඹ,සමාජයේ ඉදිරි අපේක්ෂාව පෙන්නුම් කරයි,Parakrama Kodithuwakku,1992
අකීකරු පුත්‍රයකුගේ ලෝකය,නුඹ නිසාය,0,,,,,,Parakrama Kodithuwakku,1992
සමනලයා,තම තුනු කැලුම් සිලිලෙන් නැහැවෙවී වරෙන්,0,,,,,,Ananda Rajakaruna,1928
සමනලයා,මල් වාරමක ගතියෙන් නැලවෙවී වරෙන්,0,,,,,,Ananda Rajakaruna,1928
සමනලයා,"කවුරුත් උනාට ආදරයයි, එදැන වරෙන්",0,,,,,,Ananda Rajakaruna,1928
සමනලයා,සමනොල පුස්පරාගය මා ළඟට වරෙන්,1,සමනොල පුස්පරාගය,Standard,පුස්පරාගය,සමනලයා,වටිනා කෙනෙක් බව පෙන්වයි,Ananda Rajakaruna,1928
නැළවිල්ල,දොයි දොයි දොයි ,0,,,,,,Kumaratunge Munidasa,1926
නැළවිල්ල,බයි බයි බයි ,0,,,,,,Kumaratunge Munidasa,1926
නැළවිල්ල,නිදි මව එයි,1,නිදි මව,Standard,මව,නින්ද,සුවපහසු බවක් පෙන්වයි,Kumaratunge Munidasa,1926
නැළවිල්ල,වැළඳ ගනියි,0,,,,,,Kumaratunge Munidasa,1926
ලක් මවුනි ගරු,සතු වී තිබෙන කොට ඔබගේ සෙනේ දම,1,සෙනේ දම,Standard,මාලය ,සෙනෙහස,අසීමාන්තික හිමිවීමක් පෙන්වයි,S. Mahinda Thero,1936
ලක් මවුනි ගරු,මුතු මිණි රනින් මට අත් වන පලේ කිම,0,,,,,,S. Mahinda Thero,1936
ලක් මවුනි ගරු,පුතු වෙමි ඔබට උපදින හැම තැනේදීම,0,,,,,,S. Mahinda Thero,1936
ලක් මවුනි ගරු,පැතු මෙන් මගේ සිරි ලක් මව වදිම් මම,1,සිරි ලක් මව,Standard,මව,ශ්‍රී ලංකාව,ගෞරවයක් පෙන්වයි,S. Mahinda Thero,1936
ලක් මවුනි ගරු,දම් සෝ නිරිඳු පුත් අරහත් මිහිඳු හිමි,0,,,,,,S. Mahinda Thero,1936
ලක් මවුනි ගරු,දම් මී පෙවිය සිරිමත් ඔබ ගුණට නැමී,1,දම් මී,Standard,මී පැණි,දම්,කෘතක්නතවයක් පෙන්නුම් කරයි,S. Mahinda Thero,1936
ලක් මවුනි ගරු,මම් ඔබෙ මුවට මුව තබමින් උරමි එමී,0,,,,,,S. Mahinda Thero,1936
ලක් මවුනි ගරු,අම් මෙනි එයම මුළු ලෝකෙට පොවමි දෙමි,0,,,,,,S. Mahinda Thero,1936
මගුල් ගීය ,ජම්බු ගහට රත පොරවන්නී,0,,,,,,Arisen Ahubudu,1962
මගුල් ගීය ,බක් මී ගහ කහ අන්දන්නී,0,,,,,,Arisen Ahubudu,1962
මගුල් ගීය ,අඹ දළු ළා රත තවරන්නී,0,,,,,,Arisen Ahubudu,1962
මගුල් ගීය ,ලෝ කත විසිතුරු කැරැලන්නී,1,ලෝ කත,Standard,කාන්තාව,ලෝකය,මනහර බව ,Arisen Ahubudu,1962
මගුල් ගීය ,සිසිර කුමරි පස්සට ලන්නී,1,සිසිර කුමරි,Standard,කුමරි,සිසිර,පාරිසරික වෙනස්වීම්,Arisen Ahubudu,1962
මගුල් ගීය ,ගිම් කුමරිට පෙරටු වැ එන්නී,1,ගිම් කුමරිට,Standard,කුමරි,ගිම්,පාරිසරික වෙනස්වීම්,Arisen Ahubudu,1962
මගුල් ගීය ,දිනිසුරු කුමරුට අත දෙන්නී,1,දිනිසුරු කුමරුට,Standard,කුමරු,දිනිසුරු,පාරිසරික වෙනස්වීම්,Arisen Ahubudu,1962
මගුල් ගීය ,ලොවට මැ මඟුලක් සලසන්නී,0,,,,,,Arisen Ahubudu,1962
අඳුර අපේ දුක නිවාවි ,දෙයියෝ තමයි අඳුර දුන්නේ අපෙ ඇඟපත ගිනි නිවන්ට,0,,,,,,Gunadasa Amarasekara,1955
අඳුර අපේ දුක නිවාවි ,හනික යමන් ගාල් වෙලා අඳුරු රෙද්ද පෙරව ගන්ට,1,අඳුරු රෙද්ද පෙරව ගන්ට,Implied,අඳුරු රෙද්ද පෙරව ගන්ට,ඉක්මන් සැනසීමක් පතයි,ඉක්මන් සැනසීමක් පතයි,Gunadasa Amarasekara,1955
අමාවක,විදුලි එළියකි නුඹේ පෙම නිහඬව අහස මැද,1,විදුලි එළියකි නුඹේ පෙම,Standard,විදුලි එළියකි,නුඹේ පෙම,තිගැස්සිමක් ඇති කරන සොබාවයක් පෙන්වයි,W.D. Matilda Adikaram,2022
අමාවක,මොහොතකින් එකලු වී හදවතේ අඳුර බිඳ,0,,,,,,W.D. Matilda Adikaram,2022
අමාවක,දෙනෙත් අග රැදවීද වැහිවලා කඳුළු බිඳ,0,,,,,,W.D. Matilda Adikaram,2022
අමාවක,සමුගන්න පිය සබඳ අප දෙ තැනකයි නිබඳ,0,,,,,,W.D. Matilda Adikaram,2022
රස පොළොව විසවෙලා,දිය දහර ගල ගලා මල් පියලි අතුරලා,0,,,,,,W.D. Matilda Adikaram,2022
රස පොළොව විසවෙලා,සරු පොළොව සැරසිලා කිරි සිනා මතු කලා ,0,,,,,,W.D. Matilda Adikaram,2022
රස පොළොව විසවෙලා,සුවඳ පිණි දිය සලා මුතු පලස සරු කලා,0,,,,,,W.D. Matilda Adikaram,2022
රස පොළොව විසවෙලා,මිහි මවද සනසලා පල වැලින් ඉඟි කලා ,1,මිහි මවද,Dead,මව,පොළොව,සශ්‍රීකත්වය ඉගි කරයි,W.D. Matilda Adikaram,2022
සිරිකත,උකටලි ගතිය අභිබවමින් යුහුසුළුව,0,,,,,,Nungamugoda Wilson Rodrigo,2005
සිරිකත,වරදක් හමුවේ අවාවදෙට දොඩමුළුව,0,,,,,,Nungamugoda Wilson Rodrigo,2005
සිරිකත,දිවිමග පැවත්මට හරි මග නෙත හෙළුව,0,,,,,,Nungamugoda Wilson Rodrigo,2005
සිරිකත,නුඹ දිළිපහන නිවසට සඳ රැස් ගැළුව,1,නුඹ දිළිපහන,Standard,දිළිපහන,නුඹ,ආලෝකයක් ලබා දෙන බව පෙන්වයි,Nungamugoda Wilson Rodrigo,2005